{"data":{"X0.99":[37083,0,67938,0,0,0,0,77824,40967,30980,0,0,23751.24,27362.72,27785.98,0,44923.99,80060.25,69376.24,89763.65,85034.64,81540.28,86105.94,78964.4,75357.28,83525.88,85524.94,73568.53,82419.59,73974.9,77394.33,79503.08,72631.56,77771.82,68478.56,70516.38,74796.51,69460.76,67670.5,66735.6,72728.32,64390.86,66237.4,68257.4699999999,61172.3,60855.19,59971.5,64737,58407.34,59634.73,57299.69,59974.86,58231.9599999999,59552.76,58044.4,57345.4,54923.28,56579.7,53268.57,52825.8,53502.16,52929.6,55682.6000000002,52815.0500000001,54917.44,54107,49461.02,54769.13,51210.4600000001,52577.1199999999,53292.56,54083.12,53892.3,48968.08,51707.7599999999,49242.6,48620.77,49180.99,49725.83,50874.4,48466.92,47069.6,48359.5,43036.04,45636.9,46435.8,45732.34,44212.6,41291.82,43368.11,42765.08,42236.48,40259.25,40680.4,40191.63,38521.43,38688.55,37794.33,36852.25,36634.96,35544.32,34867.17,34707.65,34076.76,33412.13,32435.64,31466.56,30377.76,29740.73,28337.83,28710.8,28697.12,26367.52,25889.68,25627.54,25348.68,24016.88,22668.28,22646.8,21167.76,21160.75,21161.75,20591.13,19710.95,18736.84,17724.24,17651.4,16827.62,15657.1,14632.78,14144.78,13539.66,12592.92,12241.5,11774.88,10723.2,10466.41,9810.14,9228.65,8282.6,7564.36,7199.48,6462.34,5711.4,5167.62,4607,3977.36,3051.28,2430.4,1834.04,1212.09,637.940000000001,59.16,24862.67,24366.72,23476.65,23175,599,21639.84,20920.46,19968.18,18972.06,18168.75,17876.21,17297.73,16181.72,15782,14414,14293.43,13150.19,12608.1,11419.26,821,10649.42,9476.12,9248.96,8332.56,7516,6713.58,5654.06,5422.78,4252.03,4091.55,3390.64,2731,1922.65,1254.72,518.28],"X0.95":[37083,0,67938,0,0,0,0,77824,40967,30980,0,0,23736.2,27185.6,27333.9,0,42155.95,76881.25,44639.6,78898.25,73630,70794.7999999999,79382.2,72092,69260.6,71703.8999999999,72750.85,66571.55,71757.55,60617,68523.05,65464.9,68181.5999999999,68674,54671.8,56147.95,66064.35,62886.3999999999,56369,63843.6,62493.0999999999,57171.65,60256,55000.45,31395.2,25851.25,30747.8,24500,29171.5,41903.5499999999,27213.0999999999,40780.3,41928.8,44935.4,45920.9999999999,37390.5,33618.1999999999,41702.5999999999,31400.85,35844,42330.4,41799.25,41209.4,42485.85,41279.5999999999,42757,38872.8,40994.1999999999,42586.4,42026.6,39233.6,39456.0999999999,40152.6,37437.4,39098.2,37704,37916.25,36939.65,38166.9,35470,34842.2,34061.6,34169.25,33048.45,31541,33333.6,33448.5,32770.6,31061.1,30639,30456.8,29740.45,28593,28653.3,27655.35,25341.7,27653,29175.3,26347.15,25888,27091,24272.55,27587,27723,25487.4,21889.05,20561.5,18481.75,17398.8,16114.75,18073,16680.75,15980.4,14176.2,13492.5,13396.2,13210.5,13884,12281.4,10801.4,14117.75,14762.2,17185.9,14056.8,12875.2,11856.85,11027.2,11600.05,10882.5,9672.4,9100.59999999999,8472.69999999999,8108.4,7942.5,8549.99999999999,7540.75,7402.79999999999,7740.3,6672.55,6263.8,5902.59999999999,5667.2,4836.8,4165,4267.6,3740,3120.5,2376.6,1956.1,1289.3,692.5,358.65,35.9999999999999,24221.35,24357.6,23471.25,23175,599,21615.2,20866.3,19964.9,17636.3,17711.75,17161.05,17124.65,16172.6,15782,14414,14279.15,12622.95,12588.5,11084.3,821,10627.1,9460.6,9192.8,8314.8,7516,6707.9,5634.3,5401.9,4084.15,4029.75,3389.2,2715,1873.25,1235.7,417.2],"X0.5":[37083,0,67938,0,0,0,0,77824,40967,30980,0,0,23567,25193,22248,0,24256.5,30617.5,23520,30778,23471,24705,21440,24245,21772,18803,18101,14887.5,16556.5,15217,15105,13628,12576,12714,11364,10822.5,11845.5,9996,9576,7722,6359,6219,5544,3868.5,453,279.5,1232,1602,1455,1502,1456.5,990,815,953,941,637,394,381,238,596,449,883.5,1483,1696,1194,745,557,534,1102,646,499,697,490,296,556,862,873.5,677.5,654,768,614,629.5,565,1013.5,671,770,773,1060,1053,886.5,1057,737.5,946.5,1419.5,910,900.5,1183,1204.5,1690.5,1312,1485,1289.5,1726,1375,1666,1278,545,487,507.5,806,1264,893.5,653,276,262,429.5,977,592,260,70,140,389.5,321,294.5,118,66.5,53,65.5,28.5,25,18,24,22,30,69,139,129,85.5,186.5,72,109,86,62,26,29,27.5,44,34,31,26,21.5,13,3,17006.5,24170,23410.5,23175,599,21338,20257,19928,2609,12570.5,9115.5,15177.5,16011,15782,14414,13947.5,6691.5,12368,7316,821,8928.5,9286,8561,8003,7249,6644,5412,5127,2533,3634,3041,2001,672,746,12],"X0.25":[37083,0,67938,0,0,0,0,77824,40967,30980,0,0,23473,24086,21962,0,20778.75,23140.5,19402,20319.25,17996,19730,16651.5,17510,16560,14315.5,13626.75,12766.5,12175.5,11564,10798,9905.5,9151,8758,7860,7170.5,7032.75,5608,5021,4217,3333,2731,1856,971.5,77.5,15,33.5,62,69,80.5,64,46,15,19,34,17,13,10,7,16,13,22,39,72,24,31.5,23,17,34,21,16,22,18,13,13,12,11,12,11,12,13,10,9.75,11,17,25,19.5,32,36,18,10,10,7,15,9,14,10,16,11,10,14,10,13,7,19.75,21,12.5,16,10,16,17,17,20,6,5,11,32,14,9,4,4,11,7,6,2,2,2,3,3,2,2,2,2,2,3,7,10,6,11,4,6,6,5,3,3,3,5,5,4,5,3,2,1,12998.25,23987,23376.75,23175,599,10669.5,19918.5,19907.5,1462,9714.25,4645.75,14095.75,15936,15782,14414,10793.5,3396.25,6184,5222.5,821,5546.5,9189,7512.5,3722.5,3510.5,6633,4343.5,5067,1629.25,1989.75,2881,679,38.25,547.5,2],"period":[23989,23990,23991,23992,23993,23994,23995,23996,23997,23998,23999,24000,24001,24002,24003,24004,24005,24006,24007,24008,24009,24010,24011,24012,24013,24014,24015,24016,24017,24018,24019,24020,24021,24022,24023,24024,24025,24026,24027,24028,24029,24030,24031,24032,24033,24034,24035,24036,24037,24038,24039,24040,24041,24042,24043,24044,24045,24046,24047,24048,24049,24050,24051,24052,24053,24054,24055,24056,24057,24058,24059,24060,24061,24062,24063,24064,24065,24066,24067,24068,24069,24070,24071,24072,24073,24074,24075,24076,24077,24078,24079,24080,24081,24082,24083,24084,24085,24086,24087,24088,24089,24090,24091,24092,24093,24094,24095,24096,24097,24098,24099,24100,24101,24102,24103,24104,24105,24106,24107,24108,24109,24110,24111,24112,24113,24114,24115,24116,24117,24118,24119,24120,24121,24122,24123,24124,24125,24126,24127,24128,24129,24130,24131,24132,24133,24134,24135,24136,24137,24138,24139,24140,24141,24142,24143,24144,24145,24146,24147,24148,24149,24150,24151,24152,24153,24154,24155,24156,24157,24158,24159,24160,24161,24162,24163,24164,24165,24166,24167,24168,24169,24170,24171,24172,24173,24174,24175,24176],"year":[1999,1999,1999,1999,1999,1999,1999,1999,1999,1999,2000,2000,2000,2000,2000,2000,2000,2000,2000,2000,2000,2000,2001,2001,2001,2001,2001,2001,2001,2001,2001,2001,2001,2001,2002,2002,2002,2002,2002,2002,2002,2002,2002,2002,2002,2002,2003,2003,2003,2003,2003,2003,2003,2003,2003,2003,2003,2003,2004,2004,2004,2004,2004,2004,2004,2004,2004,2004,2004,2004,2005,2005,2005,2005,2005,2005,2005,2005,2005,2005,2005,2005,2006,2006,2006,2006,2006,2006,2006,2006,2006,2006,2006,2006,2007,2007,2007,2007,2007,2007,2007,2007,2007,2007,2007,2007,2008,2008,2008,2008,2008,2008,2008,2008,2008,2008,2008,2008,2009,2009,2009,2009,2009,2009,2009,2009,2009,2009,2009,2009,2010,2010,2010,2010,2010,2010,2010,2010,2010,2010,2010,2010,2011,2011,2011,2011,2011,2011,2011,2011,2011,2011,2011,2011,2012,2012,2012,2012,2012,2012,2012,2012,2012,2012,2012,2012,2013,2013,2013,2013,2013,2013,2013,2013,2013,2013,2013,2013,2014,2014,2014,2014,2014,2014,2014,2014,2014,2014],"month":[3,4,5,6,7,8,9,10,11,12,1,2,3,4,5,6,7,8,9,10,11,12,1,2,3,4,5,6,7,8,9,10,11,12,1,2,3,4,5,6,7,8,9,10,11,12,1,2,3,4,5,6,7,8,9,10,11,12,1,2,3,4,5,6,7,8,9,10,11,12,1,2,3,4,5,6,7,8,9,10,11,12,1,2,3,4,5,6,7,8,9,10,11,12,1,2,3,4,5,6,7,8,9,10,11,12,1,2,3,4,5,6,7,8,9,10,11,12,1,2,3,4,5,6,7,8,9,10,11,12,1,2,3,4,5,6,7,8,9,10,11,12,1,2,3,4,5,6,7,8,9,10,11,12,1,2,3,4,5,6,7,8,9,10,11,12,1,2,3,4,5,6,7,8,9,10,11,12,1,2,3,4,5,6,7,8,9,10],