{"ASSIGNED":{"old_value":["0","ASSIGNED","ASSIGNED","ASSIGNED","ASSIGNED","0","0","ASSIGNED","ASSIGNED","0"],"new_value":["ASSIGNED","CLOSED","CONFIRMED","NEEDSINFO","NEW","NEW NEW","REOPENED","RESOLVED","UNCONFIRMED","VERIFIED"],"issue":[0,1,1,48,445,0,0,5105,1,0],"f":[0,0.000178539546509552,0.000178539546509552,0.00856989823245849,0.0794500981967506,0,0,0.911444384931262,0.000178539546509552,0]},"CLOSED":{"old_value":["0","0","0","0","0","0","CLOSED","CLOSED","CLOSED","0"],"new_value":["ASSIGNED","CLOSED","CONFIRMED","NEEDSINFO","NEW","NEW NEW","REOPENED","RESOLVED","UNCONFIRMED","VERIFIED"],"issue":[0,0,0,0,0,0,46,177,201,0],"f":[0,0,0,0,0,0,0.108490566037736,0.417452830188679,0.474056603773585,0]},"CONFIRMED":{"old_value":["CONFIRMED","UNCONFIRMED","UNCONFIRMED","UNCONFIRMED","CONFIRMED","UNCONFIRMED","UNCONFIRMED","UNCONFIRMED UNCONFIRMED","0","CONFIRMED","UNCONFIRMED","CONFIRMED","UNCONFIRMED"],"new_value":["ASSIGNED","ASSIGNED","CLOSED","CONFIRMED","NEEDSINFO","NEEDSINFO","NEW","NEW NEW","REOPENED","RESOLVED","RESOLVED","UNCONFIRMED","VERIFIED"],"issue":[1,3359,446,120,4,5700,23105,1,0,61,144447,4,1],"f":[5.64178077168277e-06,0.0189507416120824,0.00251623422417052,0.000677013692601933,2.25671230867311e-05,0.0321581503985918,0.13035334472973,5.64178077168277e-06,0,0.000344148627072649,0.814938307127262,2.25671230867311e-05,5.64178077168277e-06]},"NEEDSINFO":{"old_value":["NEEDSINFO","0","NEEDSINFO","0","NEEDSINFO","0","NEEDSINFO","NEEDSINFO","NEEDSINFO","0"],"new_value":["ASSIGNED","CLOSED","CONFIRMED","NEEDSINFO","NEW","NEW NEW","REOPENED","RESOLVED","UNCONFIRMED","VERIFIED"],"issue":[46,0,8,0,373,0,71,3220,568,0],"f":[0.0107326178254783,0,0.00186654223051797,0,0.0870275314979001,0,0.0165655622958469,0.751283247783481,0.132524498366776,0]},"NEW":{"old_value":["NEW","NEW","0","NEW","0","0","NEW","NEW","NEW","0"],"new_value":["ASSIGNED","CLOSED","CONFIRMED","NEEDSINFO","NEW","NEW NEW","REOPENED","RESOLVED","UNCONFIRMED","VERIFIED"],"issue":[2449,58,0,836,0,0,1,43472,1061,0],"f":[0.0511519101029722,0.00121143764229171,0,0.0174614115337218,0,0,2.08868559015811e-05,0.907993399753535,0.0221609541115776,0]},"NEW NEW":{"old_value":[0,0,0,0,0,0,0,0,0,0],"new_value":["ASSIGNED","CLOSED","CONFIRMED","NEEDSINFO","NEW","NEW NEW","REOPENED","RESOLVED","UNCONFIRMED","VERIFIED"],"issue":[0,0,0,0,0,0,0,0,0,0],"f":[0,0,0,0,0,0,0,0,0,0]},"REOPENED":{"old_value":["REOPENED","0","REOPENED","REOPENED","REOPENED","0","0","REOPENED","REOPENED","0"],"new_value":["ASSIGNED","CLOSED","CONFIRMED","NEEDSINFO","NEW","NEW NEW","REOPENED","RESOLVED","UNCONFIRMED","VERIFIED"],"issue":[101,0,2,86,241,0,0,2624,1,0],"f":[0.0330605564648118,0,0.000654664484451719,0.0281505728314239,0.0788870703764321,0,0,0.858919803600655,0.000327332242225859,0]},"RESOLVED":{"old_value":["RESOLVED","RESOLVED","0","0","RESOLVED","0","RESOLVED","0","RESOLVED","RESOLVED"],"new_value":["ASSIGNED","CLOSED","CONFIRMED","NEEDSINFO","NEW","NEW NEW","REOPENED","RESOLVED","UNCONFIRMED","VERIFIED"],"issue":[6,3933,0,0,9,0,3097,0,6381,1568],"f":[0.00040016006402561,0.262304921968788,0,0,0.000600240096038415,0,0.206549286381219,0,0.425570228091237,0.104575163398693]},"UNCONFIRMED":{"old_value":["UNCONFIRMED","UNCONFIRMED","UNCONFIRMED","UNCONFIRMED","UNCONFIRMED","UNCONFIRMED UNCONFIRMED","0","UNCONFIRMED","0","UNCONFIRMED"],"new_value":["ASSIGNED","CLOSED","CONFIRMED","NEEDSINFO","NEW","NEW NEW","REOPENED","RESOLVED","UNCONFIRMED","VERIFIED"],"issue":[3359,446,120,5700,23105,1,0,144447,0,1],"f":[0.0189582286839863,0.00251722833970166,0.000677281167632733,0.0321708554625548,0.130404844817952,5.64400973027278e-06,0,0.815260273508712,0,5.64400973027278e-06]},"VERIFIED":{"old_value":["0","VERIFIED","0","0","0","0","VERIFIED","VERIFIED","VERIFIED","0"],"new_value":["ASSIGNED","CLOSED","CONFIRMED","NEEDSINFO","NEW","NEW NEW","REOPENED","RESOLVED","UNCONFIRMED","VERIFIED"],"issue":[0,177,0,0,0,0,21,40,42,0],"f":[0,0.632142857142857,0,0,0,0,0.075,0.142857142857143,0.15,0]}}