{"ASSIGNED":{"old_value":["0","ASSIGNED","ASSIGNED","ASSIGNED","ASSIGNED","0","0","ASSIGNED","ASSIGNED","0"],"new_value":["ASSIGNED","CLOSED","CONFIRMED","NEEDSINFO","NEW","NEW NEW","REOPENED","RESOLVED","UNCONFIRMED","VERIFIED"],"issue":[0,1,64,145,596,0,0,6887,1,0],"f":[0,0.000129971406290616,0.00831817000259943,0.0188458539121393,0.0774629581492072,0,0,0.895113075123473,0.000129971406290616,0]},"CLOSED":{"old_value":["0","0","0","0","0","0","CLOSED","CLOSED","CLOSED","0"],"new_value":["ASSIGNED","CLOSED","CONFIRMED","NEEDSINFO","NEW","NEW NEW","REOPENED","RESOLVED","UNCONFIRMED","VERIFIED"],"issue":[0,0,0,0,0,0,64,229,225,0],"f":[0,0,0,0,0,0,0.123552123552124,0.442084942084942,0.434362934362934,0]},"CONFIRMED":{"old_value":["CONFIRMED","UNCONFIRMED","UNCONFIRMED","UNCONFIRMED","CONFIRMED","UNCONFIRMED","UNCONFIRMED","UNCONFIRMED UNCONFIRMED","0","CONFIRMED","UNCONFIRMED","CONFIRMED","UNCONFIRMED"],"new_value":["ASSIGNED","ASSIGNED","CLOSED","CONFIRMED","NEEDSINFO","NEEDSINFO","NEW","NEW NEW","REOPENED","RESOLVED","RESOLVED","UNCONFIRMED","VERIFIED"],"issue":[175,4830,451,4153,338,13420,32688,1,0,4770,190521,57,1],"f":[0.00069608798552137,0.0192120284003898,0.00179391817982936,0.01651916230783,0.00134444422346413,0.0533800043754102,0.130021280404129,3.97764563155068e-06,0,0.0189733696624968,0.757825023368668,0.000226725800998389,3.97764563155068e-06]},"NEEDSINFO":{"old_value":["NEEDSINFO","0","NEEDSINFO","0","NEEDSINFO","0","NEEDSINFO","NEEDSINFO","NEEDSINFO","0"],"new_value":["ASSIGNED","CLOSED","CONFIRMED","NEEDSINFO","NEW","NEW NEW","REOPENED","RESOLVED","UNCONFIRMED","VERIFIED"],"issue":[129,0,285,0,1024,0,147,7329,1784,0],"f":[0.0120583286595625,0,0.0266404935501963,0,0.0957188259487755,0,0.0137408861469434,0.68508132361189,0.166760142082632,0]},"NEW":{"old_value":["NEW","NEW","0","NEW","0","0","NEW","NEW","NEW","0"],"new_value":["ASSIGNED","CLOSED","CONFIRMED","NEEDSINFO","NEW","NEW NEW","REOPENED","RESOLVED","UNCONFIRMED","VERIFIED"],"issue":[3242,58,0,1907,0,0,1,54614,1216,0],"f":[0.0531144532913922,0.000950227726989744,0,0.0312428323339559,0,0,1.6383236672237e-05,0.89475408761755,0.0199220157934402,0]},"NEW NEW":{"old_value":[0,0,0,0,0,0,0,0,0,0],"new_value":["ASSIGNED","CLOSED","CONFIRMED","NEEDSINFO","NEW","NEW NEW","REOPENED","RESOLVED","UNCONFIRMED","VERIFIED"],"issue":[0,0,0,0,0,0,0,0,0,0],"f":[0,0,0,0,0,0,0,0,0,0]},"REOPENED":{"old_value":["REOPENED","0","REOPENED","REOPENED","REOPENED","0","0","REOPENED","REOPENED","0"],"new_value":["ASSIGNED","CLOSED","CONFIRMED","NEEDSINFO","NEW","NEW NEW","REOPENED","RESOLVED","UNCONFIRMED","VERIFIED"],"issue":[144,0,37,235,367,0,0,4060,1,0],"f":[0.0297274979355904,0,0.00763831544178365,0.0485136251032205,0.0757638315441784,0,0,0.838150289017341,0.000206440957886045,0]},"RESOLVED":{"old_value":["RESOLVED","RESOLVED","0","0","RESOLVED","0","RESOLVED","0","RESOLVED","RESOLVED"],"new_value":["ASSIGNED","CLOSED","CONFIRMED","NEEDSINFO","NEW","NEW NEW","REOPENED","RESOLVED","UNCONFIRMED","VERIFIED"],"issue":[11,4721,0,0,11,0,5371,0,9027,2004],"f":[0.000520217545519035,0.223267912035942,0,0,0.000520217545519035,0,0.254008039725703,0,0.426909434854576,0.0947741782927406]},"UNCONFIRMED":{"old_value":["UNCONFIRMED","UNCONFIRMED","UNCONFIRMED","UNCONFIRMED","UNCONFIRMED","UNCONFIRMED UNCONFIRMED","0","UNCONFIRMED","0","UNCONFIRMED"],"new_value":["ASSIGNED","CLOSED","CONFIRMED","NEEDSINFO","NEW","NEW NEW","REOPENED","RESOLVED","UNCONFIRMED","VERIFIED"],"issue":[4830,451,4153,13420,32688,1,0,190521,0,1],"f":[0.0196289598276878,0.0018328490439518,0.0168776542783411,0.0545384349663707,0.132842948001544,4.0639668380306e-06,0,0.774271025948428,0,4.0639668380306e-06]},"VERIFIED":{"old_value":["0","VERIFIED","0","0","0","0","VERIFIED","VERIFIED","VERIFIED","0"],"new_value":["ASSIGNED","CLOSED","CONFIRMED","NEEDSINFO","NEW","NEW NEW","REOPENED","RESOLVED","UNCONFIRMED","VERIFIED"],"issue":[0,197,0,0,0,0,44,86,74,0],"f":[0,0.491271820448878,0,0,0,0,0.109725685785536,0.214463840399002,0.184538653366584,0]}}