{"data":{"X0.99":[130488.36,0,67938,0,0,0,0,77824,40967,30980,0,0,23751.24,27362.72,27785.98,0,44923.99,101823.22,101411.77,89763.65,85034.64,106420.6,97606.39,78963.06,75357.28,90104.1899999999,100036.84,98338.75,96472.95,96495.72,104356.46,96367.26,95788.93,94705.6,94111.06,93877.44,101101.68,91975.77,85527.1999999999,90607.84,88661.06,90484.3000000002,88474.93,87657.11,76103.4500000004,76680.45,78343.9200000001,74047.61,74284.76,83091.4,81545.4299999999,82026,82891.43,78755.1400000001,79315.6,78630.98,79499.72,76721.78,75894.26,76059.16,74581.1300000002,75857.59,74131.95,76696.64,72625.4,71712.64,74790.72,70313.98,69675.56,68675.84,69166.75,67503,67802.04,70203.14,65375.05,72649.5599999999,70271.71,71509.2,63930.19,67606.55,69972.83,64196.12,65996.94,63477.0500000001,63432.78,57177.32,59928.3,57477.32,56888.25,61324.2,54913.34,57653.1999999999,62396.22,60860.8,56079.96,55331.16,58550.84,53393.8499999999,56225.2,53277.49,55972.4,52502.58,51897.03,49892.57,50151.3399999999,50702.84,48931.36,48936.66,44237.05,44479.61,47776,46577.63,46597.41,39617.18,40190.88,38466.28,44001.89,43133.45,40507.92,38542.22,40538.71,38116.1500000001,40073.55,39426.44,38789.42,35708.52,36277.12,36165.82,34252.91,33826.5,31579.18,33100.4,30193.85,31426.05,30899.7399999999,30445.98,30518.62,27935,29181.77,27918.28,26657.78,27317.34,26535.04,25553.8,26714.4,25559.68,24226.45,23586.7,22374.36,20984,20719.6,21716,20551.45,19149.14,21633.24,19265.2,18455.84,17461.9,17288.84,18097.2,17389.56,17133.56,16024.08,15307.42,14431.04,15373.08,13214.58,13118.59,12684.2,11529.37,12035.04,11375.54,11004.53,10079.45,9364.33,7973.02,8107.86,7350.1,6559.88,5629.33,5338.89,4426.53,3721.88,3373,2398.88,2009.98,1245.84,538.729999999998,15.72],"X0.95":[130009.8,0,67938,0,0,0,0,77824,40967,30980,0,0,23736.2,27185.6,27333.9,0,42155.95,83412.0999999999,63542.3499999999,78898.25,73630,92410,80211.05,72084.5,69260.6,75051,73985,71297.25,73584.75,67132.1999999999,75590.15,71654.6999999999,70057.15,69180,68477.2,67101.8,73670.4,68602.2,58543.5,64266,63372.1,62544.5,62013,60945.1,34311.25,34566.7999999999,45503.9999999997,36812.5499999998,43681.8499999999,50520.35,43426.95,50286.45,53510.3999999999,53817.85,51265.4,46510.8,46558.8,46118.5,44104.65,43467.6,47713.5,49936.55,50363.75,52253.05,47823,49589,47812.8,47370.4,46330.4,45447,47027.5,45624,49189,44225.8999999999,43738.15,49459,52739.65,48959.7499999998,45444.8,51124,48061.5,43822.3999999999,48992.8,47902.25,47010.1,46486.5,43468.8,44862,41468.4,44107,42514.3,46230,41766.35,42512.8,43659.5,39771.8,43248.6,38573.45,42006,40861.35,41496.5,38807.5499999999,39983.25,43444.0999999999,41498.1,37174.8,38805.8,35053.1,29821,31653.7999999999,36116.65,34255.5,31609.15,27682.6,26235.5999999999,27427.15,30197.9,29719,28789.05,26466.05,29369.65,28693,28265.5,27856.2,25113.9,26007.45,25161.7,24978.7,23905.35,23001.1,21994.3,21248.6,20497.15,20322,19571.65,19429.85,18890.7,18393.5,19420.95,17114.4,16507.4,16114.4,16728.65,16810.5,16283,15820.6,15177.25,14533,14202.6,14376,13590.5,13559,12829.5,12758.4,11322.3,11602,11856.6,11273.1,10621.4,10277,11928,9028.8,10201.8,9991.69999999999,7826.4,9396.3,8913.7,7649.44999999998,7614,7113.35,7319.00000000001,6920.6,6759.7,7149.75,6227.35,4376.69999999999,5582.49999999999,4424.59999999999,4648.9,3640.59999999999,3820.35,2862.25,2397.8,2606.5,1737.6,1190,869.699999999999,358.599999999999,14.6],"X0.5":[124626,0,67938,0,0,0,0,77824,40967,30980,0,0,23567,25193,22248,0,24256.5,33103,23857.5,30778,23471,25975,21603,24222.5,21772,19266.5,18265,15437.5,16776.5,15824,15481.5,13791.5,12869,13293,11757,10979,12255,10723.5,9679.5,8114.5,6510,6567,5830,4219.5,467,298,1388,1629,1512.5,1583.5,1556.5,1111,1015,1040.5,1026,692,471,398,277.5,637,509.5,1104,1659.5,1933,1427,848,688,625,1269,723,604.5,844,599,350,649,1334,1186,921.5,821.5,1070,890,885,1032,1559,957,1091,1175,1410,1287,1251,1298,1290.5,1299,1915,1200,1152,1854,2063.5,3146,2184,1840.5,2162,3143,2581.5,2607,2180,893,748,773.5,1229,1674,1116.5,822.5,425,357,781.5,1269.5,821,350.5,121,287.5,721,665,598,236,199,139,192,81.5,62.5,31,59,61,90,189,337,263,290,502.5,200,291,295,205,118,147.5,296,270,193,266.5,339,183,260,186.5,119.5,56,38,38,50,115,90,89,106.5,108,147,45,105,149,96.5,52,98,71,75,103,69.5,93,29,34.5,15,18,26.5,25,22,39,41,21,15,16,12.5,1],"X0.25":[80854.5,0,67938,0,0,0,0,77824,40967,30980,0,0,23473,24086,21962,0,20778.75,23162,19416.5,20319.25,17996,20854,16692.5,17252.5,16560,14334,13640,12777.75,12188.25,11578.75,10826.25,10019.25,9159,8805,7901,7210,7198,5615.75,5046,4229.5,3335.5,2747.5,1871.5,994.75,78.75,15,35,63.25,77.75,89.75,67.5,47,16,21,38,19.25,14,11,8,17,15,25,41,95.25,28,35,27,19,38,23,18,28,22,15,15,15,13,16,13,16.25,17,11,12,14,21,29,23,37,46.5,23,19,14,10,19,10,18,12,18.25,15,13,19,13,16.75,9,27.5,34,21,19,14,20,22.25,25.25,25.25,8,6,15,44.75,22,12,5,6,16,10,11,3,4,3,5,4,3,2,3,3,4,5,10,14,10,17,7,9,11,8,6,8,7,12,12,11,14,12,11,9,6,5,2,1,2,4,5,4,4,2,5,2,3,5,4,3,3,3,2,4,4,3,2,3,1,1,3,4,3,4,4,3,3,2,2,0.5],"period":[23989,23990,23991,23992,23993,23994,23995,23996,23997,23998,23999,24000,24001,24002,24003,24004,24005,24006,24007,24008,24009,24010,24011,24012,24013,24014,24015,24016,24017,24018,24019,24020,24021,24022,24023,24024,24025,24026,24027,24028,24029,24030,24031,24032,24033,24034,24035,24036,24037,24038,24039,24040,24041,24042,24043,24044,24045,24046,24047,24048,24049,24050,24051,24052,24053,24054,24055,24056,24057,24058,24059,24060,24061,24062,24063,24064,24065,24066,24067,24068,24069,24070,24071,24072,24073,24074,24075,24076,24077,24078,24079,24080,24081,24082,24083,24084,24085,24086,24087,24088,24089,24090,24091,24092,24093,24094,24095,24096,24097,24098,24099,24100,24101,24102,24103,24104,24105,24106,24107,24108,24109,24110,24111,24112,24113,24114,24115,24116,24117,24118,24119,24120,24121,24122,24123,24124,24125,24126,24127,24128,24129,24130,24131,24132,24133,24134,24135,24136,24137,24138,24139,24140,24141,24142,24143,24144,24145,24146,24147,24148,24149,24150,24151,24152,24153,24154,24155,24156,24157,24158,24159,24160,24161,24162,24163,24164,24165,24166,24167,24168,24169,24170,24171,24172,24173,24174,24175,24176,24177],"year":[1999,1999,1999,1999,1999,1999,1999,1999,1999,1999,2000,2000,2000,2000,2000,2000,2000,2000,2000,2000,2000,2000,2001,2001,2001,2001,2001,2001,2001,2001,2001,2001,2001,2001,2002,2002,2002,2002,2002,2002,2002,2002,2002,2002,2002,2002,2003,2003,2003,2003,2003,2003,2003,2003,2003,2003,2003,2003,2004,2004,2004,2004,2004,2004,2004,2004,2004,2004,2004,2004,2005,2005,2005,2005,2005,2005,2005,2005,2005,2005,2005,2005,2006,2006,2006,2006,2006,2006,2006,2006,2006,2006,2006,2006,2007,2007,2007,2007,2007,2007,2007,2007,2007,2007,2007,2007,2008,2008,2008,2008,2008,2008,2008,2008,2008,2008,2008,2008,2009,2009,2009,2009,2009,2009,2009,2009,2009,2009,2009,2009,2010,2010,2010,2010,2010,2010,2010,2010,2010,2010,2010,2010,2011,2011,2011,2011,2011,2011,2011,2011,2011,2011,2011,2011,2012,2012,2012,2012,2012,2012,2012,2012,2012,2012,2012,2012,2013,2013,2013,2013,2013,2013,2013,2013,2013,2013,2013,2013,2014,2014,2014,2014,2014,2014,2014,2014,2014,2014,2014],"month":[3,4,5,6,7,8,9,10,11,12,1,2,3,4,5,6,7,8,9,10,11,12,1,2,3,4,5,6,7,8,9,10,11,12,1,2,3,4,5,6,7,8,9,10,11,12,1,2,3,4,5,6,7,8,9,10,11,12,1,2,3,4,5,6,7,8,9,10,11,12,1,2,3,4,5,6,7,8,9,10,11,12,1,2,3,4,5,6,7,8,9,10,11,12,1,2,3,4,5,6,7,8,9,10,11,12,1,2,3,4,5,6,7,8,9,10,11,12,1,2,3,4,5,6,7,8,9,10,11,12,1,2,3,4,5,6,7,8,9,10,11,12,1,2,3,4,5,6,7,8,9,10,11,12,1,2,3,4,5,6,7,8,9,10,11,12,1,2,3,4,5,6,7,8,9,10,11,12,1,2,3,4,5,6,7,8,9,10,11],