{"data":{"X0.99":[26306,0,0,0,0,30502,0,0,0,0,0,0,0,0,0,0,0,0,0,0,8760,0,0,0,0,0,0,0,0,0,0,0,110.719999999999,150,205.599999999999,117,100.6,168,155.31,96.1500000000001,189.5,238.84,246.21,115,297.2,146.059999999996,105.4,108.660000000001,243.819999999996,154.849999999999,85.16,127.44,199.92,92.9,137.52,141.44,227.42,214.83,72.6,329.039999999999,126.8,268.51,143.5,101.000000000001,305.500000000006,108.38,87.8399999999999,116.46,257.290000000002,174.82,244.199999999997,912.659999999996,153.729999999999,90.33,196.800000000003,274.760000000003,227.330000000001,231.55,237.100000000001,236.099999999997,95.64,231.499999999998,216.7,288.76,372.44,218.83,124,146.41,291.83,215.679999999999,63.05,129.48,160.8,143.88,180.97,685.070000000005,444.579999999998,181.46,220.080000000001,165.63,488.439999999993,206.719999999997,1379.60000000001,1200.78000000001,285.560000000001,285.6,351.560000000001,289.200000000003,295.4,118.58,298.53,287.779999999999,224,418.759999999999,451.48,112.7,702.02,2142.09000000001,1432.38,797.139999999997,445.24,292.160000000001,556.600000000001,289.11,144.22,821.360000000011,291.679999999999,655.599999999999,392.72,210.439999999999,635.199999999998,678.249999999997,483.05999999997,262.5,369.159999999997,524.099999999999,202.999999999999,335.3,181.25,611.200000000001,280.08,527.259999999997,1046.5,974.39,430.79,455.390000000002,379.98,755,7320.30999999996,1090.8,532.4,1250.07999999995,6307.29999999999,302.259999999997,384.25,3983.67999999999,3569.2099999999,156.689999999999,5589.20000000001,2405.49999999998,730.12,1620,1318,764.599999999996,1240.49000000002,1608.47999999998,1937.01999999997,604.999999999996,930.160000000011,282.65,750.199999999999,2160.95,321.76,464.5,175.290000000001,810.01,130.96,412.32,289.92,225.12,316],"X0.95":[26306,0,0,0,0,30502,0,0,0,0,0,0,0,0,0,0,0,0,0,0,8760,0,0,0,0,0,0,0,0,0,0,0,35.55,37,45.25,24.9499999999999,34,35,41,40.15,48.5,26,53.0999999999999,32.6,72,63.4999999999998,31,29.9,63.2999999999999,41.1,28.4,54.8,47.0000000000001,40,45.2,48.5999999999999,41.4,77.35,40,48.8,48,56.95,42.5,42.6,72.75,64.0499999999999,39.1999999999999,32.05,45.9,81.4999999999999,40,57.4499999999999,43.2499999999999,46.0499999999999,58.5,55.7,53.55,80,84.5,47.8,34.4,65.4999999999999,101,85.6,82.1999999999998,88.2499999999997,44.5,64.35,140.4,37.5999999999999,25,66.2999999999999,68,40.4,59.1499999999999,97.95,99.2999999999998,53.4,52.8,40.9,52.9999999999999,69.55,94,213.299999999999,116.15,94.8,49.45,84,83.5,63.1,76,134,82.3000000000001,94.6,121.8,71.05,65.9999999999998,129,165.1,247.9,179.9,63.4,102,48.55,55.6499999999998,42.35,102,101.4,87.5999999999999,47.1999999999998,159.5,67.25,203.8,99.75,94.8,92,102.05,82.6999999999999,66.8499999999999,97,78.3999999999999,154.9,208.5,412.999999999999,158.1,183.7,126.75,306.75,233.950000000001,440.199999999999,95.2,102.899999999999,259.1,212.8,163,116.6,103.35,83.25,113.25,112,125.2,436.399999999997,1318,133,130.649999999999,237.7,98.0999999999998,71,165.15,151.5,145,1101.05,172.6,207.7,79.1499999999997,336.55,73.8,146.2,156.2,114.45,75.5],"X0.5":[26306,0,0,0,0,30502,0,0,0,0,0,0,0,0,0,0,0,0,0,0,8760,0,0,0,0,0,0,0,0,0,0,0,1,1,1,1,1,1,1,1,2,1,2,1,1,2,1,1,2,1,1,1,1,1,2,2,1,2,2,2,1,1,2,2,3,2,1,2,2,1,2,1,3,1,3,2,1.5,2,2,2,1,2,1,3,3,2,2,3,2,0,1.5,1,2,1,1,1,2,1,2,1,1,2,3,5,2,3,1,3,2,2,2,3,3,2,2,2,3,4,2,3,1,3,3,1,1,2,3,2,3,2,3,3,5,1.5,1,7,2.5,1,1,3,3,4,5,4,5,3.5,4.5,5,4,3,2,2,3,4,6,2,2.5,5,4,4,3,7.5,9,5,3,2,2,3,2,3,3,4,2,4,3,5,4,9,5,2,2],"X0.25":[26306,0,0,0,0,30502,0,0,0,0,0,0,0,0,0,0,0,0,0,0,8760,0,0,0,0,0,0,0,0,0,0,0,0,0,0,0,0,0,0,0,0,0,0,0,0,0,0,0,0,0,0,0,0,0,0,0,0,0,0,0,0,0,0,0,0,0,0,0,0,0,0,0,0,0,0,0,0,0,0,0,0,0,0,0,0,0,0,0,0,0,0,0,0,0,0,0,0,0,0,0,0,0,0,0,0,0,0,0,0,0,0,0,0,0,0,0,0,0,0,0,0,0,0,0,0,0,0,0,0,0,0,0,0,0,0,0,0,0,0,0,0,1,0,0,0,0,0.25,0,0,0,0,0,0,0,1,0,0,1,0.25,0,0,0,1,0,0.25,0,0,0,0,0,0,0,0,0,0,0,0.5,0,0,0.25,0],"period":[23996,23997,23998,23999,24000,24001,24002,24003,24004,24005,24006,24007,24008,24009,24010,24011,24012,24013,24014,24015,24016,24017,24018,24019,24020,24021,24022,24023,24024,24025,24026,24027,24028,24029,24030,24031,24032,24033,24034,24035,24036,24037,24038,24039,24040,24041,24042,24043,24044,24045,24046,24047,24048,24049,24050,24051,24052,24053,24054,24055,24056,24057,24058,24059,24060,24061,24062,24063,24064,24065,24066,24067,24068,24069,24070,24071,24072,24073,24074,24075,24076,24077,24078,24079,24080,24081,24082,24083,24084,24085,24086,24087,24088,24089,24090,24091,24092,24093,24094,24095,24096,24097,24098,24099,24100,24101,24102,24103,24104,24105,24106,24107,24108,24109,24110,24111,24112,24113,24114,24115,24116,24117,24118,24119,24120,24121,24122,24123,24124,24125,24126,24127,24128,24129,24130,24131,24132,24133,24134,24135,24136,24137,24138,24139,24140,24141,24142,24143,24144,24145,24146,24147,24148,24149,24150,24151,24152,24153,24154,24155,24156,24157,24158,24159,24160,24161,24162,24163,24164,24165,24166,24167,24168,24169,24170,24171,24172,24173,24174,24175,24176],"year":[1999,1999,1999,2000,2000,2000,2000,2000,2000,2000,2000,2000,2000,2000,2000,2001,2001,2001,2001,2001,2001,2001,2001,2001,2001,2001,2001,2002,2002,2002,2002,2002,2002,2002,2002,2002,2002,2002,2002,2003,2003,2003,2003,2003,2003,2003,2003,2003,2003,2003,2003,2004,2004,2004,2004,2004,2004,2004,2004,2004,2004,2004,2004,2005,2005,2005,2005,2005,2005,2005,2005,2005,2005,2005,2005,2006,2006,2006,2006,2006,2006,2006,2006,2006,2006,2006,2006,2007,2007,2007,2007,2007,2007,2007,2007,2007,2007,2007,2007,2008,2008,2008,2008,2008,2008,2008,2008,2008,2008,2008,2008,2009,2009,2009,2009,2009,2009,2009,2009,2009,2009,2009,2009,2010,2010,2010,2010,2010,2010,2010,2010,2010,2010,2010,2010,2011,2011,2011,2011,2011,2011,2011,2011,2011,2011,2011,2011,2012,2012,2012,2012,2012,2012,2012,2012,2012,2012,2012,2012,2013,2013,2013,2013,2013,2013,2013,2013,2013,2013,2013,2013,2014,2014,2014,2014,2014,2014,2014,2014,2014,2014],"month":[10,11,12,1,2,3,4,5,6,7,8,9,10,11,12,1,2,3,4,5,6,7,8,9,10,11,12,1,2,3,4,5,6,7,8,9,10,11,12,1,2,3,4,5,6,7,8,9,10,11,12,1,2,3,4,5,6,7,8,9,10,11,12,1,2,3,4,5,6,7,8,9,10,11,12,1,2,3,4,5,6,7,8,9,10,11,12,1,2,3,4,5,6,7,8,9,10,11,12,1,2,3,4,5,6,7,8,9,10,11,12,1,2,3,4,5,6,7,8,9,10,11,12,1,2,3,4,5,6,7,8,9,10,11,12,1,2,3,4,5,6,7,8,9,10,11,12,1,2,3,4,5,6,7,8,9,10,11,12,1,2,3,4,5,6,7,8,9,10,11,12,1,2,3,4,5,6,7,8,9,10],