{"data":{"years":[1999,2000,2001,2002,2003,2004,2005,2006,2007,2008,2009,2010,2011,2012,2013,2014],"X0.99":[1578369,1830163,525613,8778.35999999998,10088.56,10796.86,10952.38,15802.98,15758.92,23192.07,30914.9500000001,36239.0600000003,44091.7,80178.9000000006,97200,28608.22],"X0.95":[1578369,1830163,525613,2315.4,2789.6,3019.5,2984.8,4343.75,3588.69999999998,5764.54999999999,6125.75,6082.25,11282.5,10707.75,36342.6,8670.59999999999],"X0.5":[1578369,1830163,525613,100,106,133,127,138,100,175.5,149,177.5,228,235.5,251,277],"X0.25":[1578369,1830163,525613,21,25,24,25,27,26,35,31,33,42,37,36,39]},"labels":[0.99,0.95,0.5,0.25]}