{"data":{"X0.99":[26306,0,0,0,0,30502,0,0,0,0,0,0,0,0,0,0,0,0,0,0,8760,0,0,0,0,0,0,0,0,0,0,0,110.719999999999,150,205.599999999999,117,100.6,168,155.31,96.1500000000001,189.5,238.84,246.21,115,297.2,146.059999999996,105.4,108.660000000001,243.819999999996,154.849999999999,85.16,127.44,199.92,92.9,137.52,141.44,227.42,214.83,72.6,329.039999999999,126.8,268.51,143.5,101.000000000001,305.500000000006,108.38,87.8399999999999,116.46,257.290000000002,174.82,244.199999999997,912.659999999996,153.729999999999,90.33,196.800000000003,274.760000000003,227.330000000001,231.55,237.100000000001,236.099999999997,95.64,231.499999999998,216.7,288.76,372.44,218.83,124,146.41,291.83,215.679999999999,63.05,129.48,160.8,143.88,180.97,685.070000000005,444.579999999998,181.46,220.080000000001,165.63,488.439999999993,206.719999999997,1379.60000000001,1200.78000000001,285.560000000001,285.6,351.560000000001,237.139999999996,296.7,155.52,266.04,201.5,209.41,370.04,452.25,109.7,604.160000000001,2535.44,1338.33,701.74,418.18,319.699999999999,436.449999999999,290,154.84,245.54,224.72,498.579999999999,349.82,348.150000000003,517.600000000001,364.370000000003,869.310000000003,240,1007.62000000001,421.83,211.16,309.05,178.5,417.880000000003,248.43,774.419999999998,631.12,938.200000000001,420.52,430.15,361.19,773.150000000001,587.82,1211.2,544.300000000001,505.260000000003,1264.25000000001,330.75,345.79,3754.35999999998,1305.59999999989,679.44,233.959999999999,388.439999999997,866.299999999997,1519.41,1318,545.910000000002,888.849999999999,880.449999999996,791.689999999998,383.899999999999,263.4,571.490000000008,612.78,1537.12,1488.40000000001,1324,347.63,793.26,839.159999999996,455.19,282.44,253.119999999999,182.960000000001,1.98],"X0.95":[26306,0,0,0,0,30502,0,0,0,0,0,0,0,0,0,0,0,0,0,0,8760,0,0,0,0,0,0,0,0,0,0,0,35.55,37,45.25,24.9499999999999,34,35,41,40.15,48.5,26,53.0999999999999,32.6,72,63.4999999999998,31,29.9,63.2999999999999,41.1,28.4,54.8,47.0000000000001,40,45.2,48.5999999999999,41.4,77.35,40,48.8,48,56.95,42.5,42.6,72.75,64.0499999999999,39.1999999999999,32.05,45.9,81.4999999999999,40,57.4499999999999,43.2499999999999,46.0499999999999,58.5,55.7,53.55,80,84.5,47.8,34.4,65.4999999999999,101,85.6,82.1999999999998,88.2499999999997,44.5,64.35,140.4,37.5999999999999,25,66.2999999999999,68,40.4,59.1499999999999,97.95,99.2999999999998,53.4,52.8,40.9,52.9999999999999,69.55,94,213.299999999999,116.15,94.8,49.45,83.1,84.8999999999999,64.8999999999999,55.2,97.7,69.5499999999996,57.3999999999997,88.75,59.9,52,139.2,104.85,163.799999999999,123.4,57,57.8499999999996,65.8,58.7999999999996,39.05,66.1999999999999,68.4999999999999,65.6999999999999,53.5,95,66.3500000000001,155.3,86,94.6,80,87.2499999999999,85.05,62.4,94.7000000000001,73.8999999999999,180.1,225.649999999999,205.5,116,173.05,167.95,226.5,177.9,282,94.9,72.9999999999999,164.15,201.25,105.7,268.3,153,112.95,106.8,116,285.5,163.45,1318,277.799999999999,114.75,214.3,102,100.5,165,149.25,141.1,352.25,172.75,211.9,124,166.7,194.55,186.049999999999,77.9499999999998,65,55.5,1.9],"X0.5":[26306,0,0,0,0,30502,0,0,0,0,0,0,0,0,0,0,0,0,0,0,8760,0,0,0,0,0,0,0,0,0,0,0,1,1,1,1,1,1,1,1,2,1,2,1,1,2,1,1,2,1,1,1,1,1,2,2,1,2,2,2,1,1,2,2,3,2,1,2,2,1,2,1,3,1,3,2,1.5,2,2,2,1,2,1,3,3,2,2,3,2,0,1.5,1,2,1,1,1,2,1,2,1,1,2,3,5,2,3,1,2,2,2,1,2,2,2,2,2,2,3,2,2,1,3,2.5,2,2,2,2,2,2,2,2,2,3,2,1,1.5,1,1,1,3,3,4,5,3,5,2,3,2,3,3,1,3,3,3,3,3,2,4,3,2,3.5,3,5,4.5,3,1,3,3,2,2,3,1,1,1,2.5,2,1,1,1,0,0,1],"X0.25":[26306,0,0,0,0,30502,0,0,0,0,0,0,0,0,0,0,0,0,0,0,8760,0,0,0,0,0,0,0,0,0,0,0,0,0,0,0,0,0,0,0,0,0,0,0,0,0,0,0,0,0,0,0,0,0,0,0,0,0,0,0,0,0,0,0,0,0,0,0,0,0,0,0,0,0,0,0,0,0,0,0,0,0,0,0,0,0,0,0,0,0,0,0,0,0,0,0,0,0,0,0,0,0,0,0,0,0,0,0,0,0,0,0,0,0,0,0,0,0,0,0,0,0,0,0,0,0,0,0,0,0,0,0,0,0,0,0,0,0,0,0,0,0,0,0,0,0,0,0,0,0,0,0,0,0,0,0,0,0.25,0,0,0,0,0,0,0,0,0,0,0,0,0,0,0,0,0,0,0,0,0,0,0,0.5],"period":[23996,23997,23998,23999,24000,24001,24002,24003,24004,24005,24006,24007,24008,24009,24010,24011,24012,24013,24014,24015,24016,24017,24018,24019,24020,24021,24022,24023,24024,24025,24026,24027,24028,24029,24030,24031,24032,24033,24034,24035,24036,24037,24038,24039,24040,24041,24042,24043,24044,24045,24046,24047,24048,24049,24050,24051,24052,24053,24054,24055,24056,24057,24058,24059,24060,24061,24062,24063,24064,24065,24066,24067,24068,24069,24070,24071,24072,24073,24074,24075,24076,24077,24078,24079,24080,24081,24082,24083,24084,24085,24086,24087,24088,24089,24090,24091,24092,24093,24094,24095,24096,24097,24098,24099,24100,24101,24102,24103,24104,24105,24106,24107,24108,24109,24110,24111,24112,24113,24114,24115,24116,24117,24118,24119,24120,24121,24122,24123,24124,24125,24126,24127,24128,24129,24130,24131,24132,24133,24134,24135,24136,24137,24138,24139,24140,24141,24142,24143,24144,24145,24146,24147,24148,24149,24150,24151,24152,24153,24154,24155,24156,24157,24158,24159,24160,24161,24162,24163,24164,24165,24166,24167,24168,24169,24170,24171,24172,24173,24174,24175,24176,24177],"year":[1999,1999,1999,2000,2000,2000,2000,2000,2000,2000,2000,2000,2000,2000,2000,2001,2001,2001,2001,2001,2001,2001,2001,2001,2001,2001,2001,2002,2002,2002,2002,2002,2002,2002,2002,2002,2002,2002,2002,2003,2003,2003,2003,2003,2003,2003,2003,2003,2003,2003,2003,2004,2004,2004,2004,2004,2004,2004,2004,2004,2004,2004,2004,2005,2005,2005,2005,2005,2005,2005,2005,2005,2005,2005,2005,2006,2006,2006,2006,2006,2006,2006,2006,2006,2006,2006,2006,2007,2007,2007,2007,2007,2007,2007,2007,2007,2007,2007,2007,2008,2008,2008,2008,2008,2008,2008,2008,2008,2008,2008,2008,2009,2009,2009,2009,2009,2009,2009,2009,2009,2009,2009,2009,2010,2010,2010,2010,2010,2010,2010,2010,2010,2010,2010,2010,2011,2011,2011,2011,2011,2011,2011,2011,2011,2011,2011,2011,2012,2012,2012,2012,2012,2012,2012,2012,2012,2012,2012,2012,2013,2013,2013,2013,2013,2013,2013,2013,2013,2013,2013,2013,2014,2014,2014,2014,2014,2014,2014,2014,2014,2014,2014],"month":[10,11,12,1,2,3,4,5,6,7,8,9,10,11,12,1,2,3,4,5,6,7,8,9,10,11,12,1,2,3,4,5,6,7,8,9,10,11,12,1,2,3,4,5,6,7,8,9,10,11,12,1,2,3,4,5,6,7,8,9,10,11,12,1,2,3,4,5,6,7,8,9,10,11,12,1,2,3,4,5,6,7,8,9,10,11,12,1,2,3,4,5,6,7,8,9,10,11,12,1,2,3,4,5,6,7,8,9,10,11,12,1,2,3,4,5,6,7,8,9,10,11,12,1,2,3,4,5,6,7,8,9,10,11,12,1,2,3,4,5,6,7,8,9,10,11,12,1,2,3,4,5,6,7,8,9,10,11,12,1,2,3,4,5,6,7,8,9,10,11,12,1,2,3,4,5,6,7,8,9,10,11],