{"data":{"years":[1999,2000,2001,2002,2003,2004,2005,2006,2007,2008,2009,2010,2011,2012,2013,2014],"X0.99":[1578369,1830163,525613,8778.35999999998,10088.56,10796.86,10952.38,15802.98,15758.92,19439.8999999999,26922.89,26339.3999999999,35917.4000000001,50947.8800000008,79110.16,27379.48],"X0.95":[1578369,1830163,525613,2315.4,2789.6,3019.5,2984.8,4343.75,3588.69999999998,5135.89999999998,4727.55,5206,9715.25,9440,14420,7495.59999999996],"X0.5":[1578369,1830163,525613,100,106,133,127,138,100,149,149,135,180.5,209,187,86],"X0.25":[1578369,1830163,525613,21,25,24,25,27,26,33,33,27,31,29,29,15]},"labels":[0.99,0.95,0.5,0.25]}